title,runtime,genre(s),director(s),writer(s),actor(s),rating(s),number of rating(s)
The Shawshank Redemption,142,Crime;Drama,Frank Darabont,Stephen King;Frank Darabont,Tim Robbins;Morgan Freeman;Bob Gunton,9.3,1938721
The Godfather,175,Crime;Drama,Francis Ford Coppola,Mario Puzo;Francis Ford Coppola,Marlon Brando;Al Pacino;James Caan,9.2,1326537
The Godfather: Part II,202,Crime;Drama,Francis Ford Coppola,Francis Ford Coppola;Mario Puzo,Al Pacino;Robert De Niro;Robert Duvall,9.0,916978
The Dark Knight,152,Crime;Drama;Thriller,Christopher Nolan,Jonathan Nolan;Christopher Nolan,Christian Bale;Heath Ledger;Aaron Eckhart,9.0,1909390
12 Angry Men,96,Crime;Drama,Sidney Lumet,Reginald Rose;Reginald Rose,Henry Fonda;Lee J. Cobb;Martin Balsam,8.9,537892
Schindler's List,195,Biography;Drama;History,Steven Spielberg,Thomas Keneally;Steven Zaillian,Liam Neeson;Ralph Fiennes;Ben Kingsley,8.9,999805
The Lord of the Rings: The Return of the King,201,Adventure;Drama;Fantasy,Peter Jackson,J.R.R. Tolkien;Fran Walsh,Elijah Wood;Viggo Mortensen;Ian McKellen,8.9,1384118
Pulp Fiction,154,Crime;Drama,Quentin Tarantino,Quentin Tarantino;Roger Avary,John Travolta;Uma Thurman;Samuel L. Jackson,8.9,1515195
"Il buono, il brutto, il cattivo",161,Western,Sergio Leone,Luciano Vincenzoni;Sergio Leone,Clint Eastwood;Eli Wallach;Lee Van Cleef,8.9,575320
Fight Club,139,Drama,David Fincher,Chuck Palahniuk;Jim Uhls,Brad Pitt;Edward Norton;Meat Loaf,8.8,1553054
The Lord of the Rings: The Fellowship of the Ring,178,Adventure;Drama;Fantasy,Peter Jackson,J.R.R. Tolkien;Fran Walsh,Elijah Wood;Ian McKellen;Orlando Bloom,8.8,1403149
Forrest Gump,142,Drama;Romance,Robert Zemeckis,Winston Groom;Eric Roth,Tom Hanks;Robin Wright;Gary Sinise,8.8,1469082
Star Wars: Episode V - The Empire Strikes Back,124,Action;Adventure;Fantasy,Irvin Kershner,Leigh Brackett;Lawrence Kasdan,Mark Hamill;Harrison Ford;Carrie Fisher,8.8,975364
Inception,148,Action;Adventure;Sci-Fi,Christopher Nolan,Christopher Nolan,Leonardo DiCaprio;Joseph Gordon-Levitt;Ellen Page,8.8,1696546
The Lord of the Rings: The Two Towers,179,Adventure;Drama;Fantasy,Peter Jackson,J.R.R. Tolkien;Fran Walsh,Elijah Wood;Ian McKellen;Viggo Mortensen,8.7,1252831
One Flew Over the Cuckoo's Nest,133,Drama,Milos Forman,Lawrence Hauben;Bo Goldman,Jack Nicholson;Louise Fletcher;Michael Berryman,8.7,773418
Goodfellas,146,Biography;Crime;Drama,Martin Scorsese,Nicholas Pileggi;Nicholas Pileggi,Robert De Niro;Ray Liotta;Joe Pesci,8.7,836660
The Matrix,136,Action;Sci-Fi,Lana Wachowski;Lilly Wachowski,Lilly Wachowski;Lana Wachowski,Keanu Reeves;Laurence Fishburne;Carrie-Anne Moss,8.7,1393118
Shichinin no samurai,207,Adventure;Drama,Akira Kurosawa,Akira Kurosawa;Shinobu Hashimoto,Toshirô Mifune;Takashi Shimura;Keiko Tsushima,8.7,262874
Cidade de Deus,130,Crime;Drama,Fernando Meirelles;Kátia Lund,Paulo Lins;Bráulio Mantovani,Alexandre Rodrigues;Leandro Firmino;Matheus Nachtergaele,8.6,602873
Star Wars: Episode IV - A New Hope,121,Action;Adventure;Fantasy,George Lucas,George Lucas,Mark Hamill;Harrison Ford;Carrie Fisher,8.6,1047273
Se7en,127,Crime;Drama;Mystery,David Fincher,Andrew Kevin Walker,Morgan Freeman;Brad Pitt;Kevin Spacey,8.6,1183180
The Silence of the Lambs,118,Crime;Drama;Thriller,Jonathan Demme,Thomas Harris;Ted Tally,Jodie Foster;Anthony Hopkins;Lawrence A. Bonney,8.6,1036227
It's a Wonderful Life,130,Drama;Family;Fantasy,Frank Capra,Frances Goodrich;Albert Hackett,James Stewart;Donna Reed;Lionel Barrymore,8.6,326371
La vita è bella,116,Comedy;Drama;War,Roberto Benigni,Vincenzo Cerami;Roberto Benigni,Roberto Benigni;Nicoletta Braschi;Giorgio Cantarini,8.6,502971
The Usual Suspects,106,Crime;Mystery;Thriller,Bryan Singer,Christopher McQuarrie,Kevin Spacey;Gabriel Byrne;Chazz Palminteri,8.6,845609
De reis van Chihiro,125,Animation;Adventure;Family,Hayao Miyazaki;Kirk Wise,Hayao Miyazaki,Daveigh Chase;Suzanne Pleshette;Miyu Irino,8.6,504139
Saving Private Ryan,169,Drama;War,Steven Spielberg,Robert Rodat,Tom Hanks;Matt Damon;Tom Sizemore,8.6,1022054
Léon,110,Crime;Drama;Thriller,Luc Besson,Luc Besson,Jean Reno;Gary Oldman;Natalie Portman,8.6,846332
Interstellar,169,Adventure;Drama;Sci-Fi,Christopher Nolan,Jonathan Nolan;Christopher Nolan,Matthew McConaughey;Anne Hathaway;Jessica Chastain,8.6,1163729
The Green Mile,189,Crime;Drama;Fantasy,Frank Darabont,Stephen King;Frank Darabont,Tom Hanks;Michael Clarke Duncan;David Morse,8.5,923362
American History X,119,Crime;Drama,Tony Kaye,David McKenna,Edward Norton;Edward Furlong;Beverly D'Angelo,8.5,890528
Psycho,109,Horror;Mystery;Thriller,Alfred Hitchcock,Joseph Stefano;Robert Bloch,Anthony Perkins;Janet Leigh;Vera Miles,8.5,491832
Once Upon a Time in the West,164,Western,Sergio Leone,Sergio Donati;Sergio Leone,Henry Fonda;Charles Bronson;Claudia Cardinale,8.5,251643
City Lights,87,Comedy;Drama;Romance,Charles Chaplin,Charles Chaplin,Charles Chaplin;Virginia Cherrill;Florence Lee,8.6,132323
Casablanca,102,Drama;Romance;War,Michael Curtiz,Julius J. Epstein;Philip G. Epstein,Humphrey Bogart;Ingrid Bergman;Paul Henreid,8.5,442993
The Intouchables,112,Biography;Comedy;Drama,Olivier Nakache;Éric Toledano,Olivier Nakache;Éric Toledano,François Cluzet;Omar Sy;Anne Le Ny,8.5,612736
Modern Times,87,Comedy;Drama;Family,Charles Chaplin,Charles Chaplin,Charles Chaplin;Paulette Goddard;Henry Bergman,8.5,172801
The Pianist,150,Biography;Drama;Music,Roman Polanski,Ronald Harwood;Wladyslaw Szpilman,Adrien Brody;Thomas Kretschmann;Frank Finlay,8.5,586473
The Departed,151,Crime;Drama;Thriller,Martin Scorsese,William Monahan;Alan Mak,Leonardo DiCaprio;Matt Damon;Jack Nicholson,8.5,999748
Indiana Jones and the Raiders of the Lost Ark,115,Action;Adventure,Steven Spielberg,Lawrence Kasdan;George Lucas,Harrison Ford;Karen Allen;Paul Freeman,8.5,752954
Terminator 2: Judgment Day,137,Action;Sci-Fi,James Cameron,James Cameron;William Wisher,Arnold Schwarzenegger;Linda Hamilton;Edward Furlong,8.5,845011
Rear Window,112,Mystery;Thriller,Alfred Hitchcock,John Michael Hayes;Cornell Woolrich,James Stewart;Grace Kelly;Wendell Corey,8.5,367263
Back to the Future,116,Adventure;Comedy;Sci-Fi,Robert Zemeckis,Robert Zemeckis;Bob Gale,Michael J. Fox;Christopher Lloyd;Lea Thompson,8.5,855269
Whiplash,107,Drama;Music,Damien Chazelle,Damien Chazelle,Miles Teller;J.K. Simmons;Melissa Benoist,8.5,543502
Gladiator,155,Action;Adventure;Drama,Ridley Scott,David Franzoni;David Franzoni,Russell Crowe;Joaquin Phoenix;Connie Nielsen,8.5,1123840
De Leeuwenkoning,88,Animation;Adventure;Drama,Roger Allers;Rob Minkoff,Irene Mecchi;Jonathan Roberts,Matthew Broderick;Jeremy Irons;James Earl Jones,8.5,759810
The Prestige,130,Drama;Mystery;Sci-Fi,Christopher Nolan,Jonathan Nolan;Christopher Nolan,Christian Bale;Hugh Jackman;Scarlett Johansson,8.5,986248
Memento,113,Mystery;Thriller,Christopher Nolan,Christopher Nolan;Jonathan Nolan,Guy Pearce;Carrie-Anne Moss;Joe Pantoliano,8.5,965909
Apocalypse Now,147,Drama;War,Francis Ford Coppola,John Milius;Francis Ford Coppola,Martin Sheen;Marlon Brando;Robert Duvall,8.5,511116
Alien,116,Horror;Sci-Fi,Ridley Scott,Dan O'Bannon;Ronald Shusett,Sigourney Weaver;Tom Skerritt;John Hurt,8.5,662367
De dictator,125,Comedy;Drama;War,Charles Chaplin,Charles Chaplin,Charles Chaplin;Paulette Goddard;Jack Oakie,8.5,165151
Nuovo Cinema Paradiso,155,Drama,Giuseppe Tornatore,Giuseppe Tornatore;Giuseppe Tornatore,Philippe Noiret;Enzo Cannavale;Antonella Attili,8.5,182853
Sunset Blvd.,110,Drama;Film-Noir,Billy Wilder,Charles Brackett;Billy Wilder,William Holden;Gloria Swanson;Erich von Stroheim,8.5,164547
Dr. Strangelove or: How I Learned to Stop Worrying and Love the Bomb,95,Comedy;War,Stanley Kubrick,Stanley Kubrick;Terry Southern,Peter Sellers;George C. Scott;Sterling Hayden,8.5,389648
Hotaru no haka,89,Animation;Drama;War,Isao Takahata,Akiyuki Nosaka;Isao Takahata,Tsutomu Tatsumi;Ayano Shiraishi;Akemi Yamaguchi,8.5,173401
Das Leben der Anderen,137,Drama;Thriller,Florian Henckel von Donnersmarck,Florian Henckel von Donnersmarck,Ulrich Mühe;Martina Gedeck;Sebastian Koch,8.5,299916
Paths of Glory,88,Drama;War,Stanley Kubrick,Stanley Kubrick;Calder Willingham,Kirk Douglas;Ralph Meeker;Adolphe Menjou,8.4,142991
Coco,105,Animation;Adventure;Comedy,Lee Unkrich;Adrian Molina,Lee Unkrich;Jason Katz,Anthony Gonzalez;Gael García Bernal;Benjamin Bratt,8.5,155367
The Shining,146,Drama;Horror,Stanley Kubrick,Stephen King;Stanley Kubrick,Jack Nicholson;Shelley Duvall;Danny Lloyd,8.4,713461
Django Unchained,165,Drama;Western,Quentin Tarantino,Quentin Tarantino,Jamie Foxx;Christoph Waltz;Leonardo DiCaprio,8.4,1118930
WALL·E,98,Animation;Adventure;Family,Andrew Stanton,Andrew Stanton;Pete Docter,Ben Burtt;Elissa Knight;Jeff Garlin,8.4,836660
Mononoke-hime,134,Animation;Adventure;Fantasy,Hayao Miyazaki,Hayao Miyazaki;Neil Gaiman,Yôji Matsuda;Yuriko Ishida;Yûko Tanaka,8.4,267924
American Beauty,122,Drama,Sam Mendes,Alan Ball,Kevin Spacey;Annette Bening;Thora Birch,8.4,933102
The Dark Knight Rises,164,Action;Thriller,Christopher Nolan,Jonathan Nolan;Christopher Nolan,Christian Bale;Tom Hardy;Anne Hathaway,8.4,1298210
Witness for the Prosecution,116,Crime;Drama;Mystery,Billy Wilder,Agatha Christie;Billy Wilder,Tyrone Power;Marlene Dietrich;Charles Laughton,8.4,81125
Oldeuboi,120,Action;Drama;Mystery,Chan-wook Park,Garon Tsuchiya;Nobuaki Minegishi,Min-sik Choi;Ji-tae Yu;Hye-jeong Kang,8.4,421622
Aliens,137,Action;Adventure;Sci-Fi,James Cameron,James Cameron;David Giler,Sigourney Weaver;Michael Biehn;Carrie Henn,8.4,562315
Once Upon a Time in America,229,Crime;Drama,Sergio Leone,Harry Grey;Leonardo Benvenuti,Robert De Niro;James Woods;Elizabeth McGovern,8.4,256282
Das Boot,149,Adventure;Drama;Thriller,Wolfgang Petersen,Wolfgang Petersen;Lothar G. Buchheim,Jürgen Prochnow;Herbert Grönemeyer;Klaus Wennemann,8.4,194335
Citizen Kane,119,Drama;Mystery,Orson Welles,Herman J. Mankiewicz;Orson Welles,Orson Welles;Joseph Cotten;Dorothy Comingore,8.4,339536
North by Northwest,136,Adventure;Mystery;Thriller,Alfred Hitchcock,Ernest Lehman,Cary Grant;Eva Marie Saint;James Mason,8.4,251992
Vertigo,128,Mystery;Romance;Thriller,Alfred Hitchcock,Alec Coppel;Samuel A. Taylor,James Stewart;Kim Novak;Barbara Bel Geddes,8.3,294018
Braveheart,178,Biography;Drama;History,Mel Gibson,Randall Wallace,Mel Gibson;Sophie Marceau;Patrick McGoohan,8.4,839037
Reservoir Dogs,99,Crime;Drama;Thriller,Quentin Tarantino,Quentin Tarantino;Quentin Tarantino,Harvey Keitel;Tim Roth;Michael Madsen,8.3,766486
Star Wars: Episode VI - Return of the Jedi,131,Action;Adventure;Fantasy,Richard Marquand,Lawrence Kasdan;George Lucas,Mark Hamill;Harrison Ford;Carrie Fisher,8.3,801924
Dangal,161,Action;Biography;Drama,Nitesh Tiwari,Piyush Gupta;Shreyas Jain,Aamir Khan;Sakshi Tanwar;Fatima Sana Shaikh,8.6,91499
M,117,Crime;Drama;Mystery,Fritz Lang,Thea von Harbou;Fritz Lang,Peter Lorre;Ellen Widmann;Inge Landgut,8.4,117199
Kimi no na wa.,106,Animation;Drama;Fantasy,Makoto Shinkai,Makoto Shinkai;Makoto Shinkai,Ryûnosuke Kamiki;Mone Kamishiraishi;Ryô Narita,8.4,88300
Requiem for a Dream,102,Drama,Darren Aronofsky,Hubert Selby Jr.;Hubert Selby Jr.,Ellen Burstyn;Jared Leto;Jennifer Connelly,8.3,656584
Taare Zameen Par,165,Drama;Family,Aamir Khan;Amole Gupte,Amole Gupte;Amole Gupte,Darsheel Safary;Aamir Khan;Tanay Chheda,8.5,121566
Amadeus,160,Biography;Drama;History,Milos Forman,Peter Shaffer;Peter Shaffer,F. Murray Abraham;Tom Hulce;Elizabeth Berridge,8.3,313364
Amélie,122,Comedy;Romance,Jean-Pierre Jeunet,Guillaume Laurant;Jean-Pierre Jeunet,Audrey Tautou;Mathieu Kassovitz;Rufus,8.3,611122
A Clockwork Orange,136,Crime;Drama;Sci-Fi,Stanley Kubrick,Stanley Kubrick;Anthony Burgess,Malcolm McDowell;Patrick Magee;Michael Bates,8.3,640933
Lawrence of Arabia,216,Adventure;Biography;Drama,David Lean,T.E. Lawrence;Robert Bolt,Peter O'Toole;Alec Guinness;Anthony Quinn,8.3,223927
Eternal Sunshine of the Spotless Mind,108,Drama;Romance;Sci-Fi,Michel Gondry,Charlie Kaufman;Michel Gondry,Jim Carrey;Kate Winslet;Tom Wilkinson,8.3,766591
Double Indemnity,107,Crime;Drama;Film-Noir,Billy Wilder,Billy Wilder;Raymond Chandler,Fred MacMurray;Barbara Stanwyck;Edward G. Robinson,8.3,116380
Taxi Driver,114,Crime;Drama,Martin Scorsese,Paul Schrader,Robert De Niro;Jodie Foster;Cybill Shepherd,8.3,588414
Singin' in the Rain,103,Comedy;Musical;Romance,Stanley Donen;Gene Kelly,Betty Comden;Adolph Green,Gene Kelly;Donald O'Connor;Debbie Reynolds,8.3,180440
3 Idiots,170,Comedy;Drama,Rajkumar Hirani,Rajkumar Hirani;Abhijat Joshi,Aamir Khan;Madhavan;Mona Singh,8.4,268584
2001: A Space Odyssey,149,Adventure;Sci-Fi,Stanley Kubrick,Stanley Kubrick;Arthur C. Clarke,Keir Dullea;Gary Lockwood;William Sylvester,8.3,497457
Toy Story,81,Animation;Adventure;Comedy,John Lasseter,John Lasseter;Pete Docter,Tom Hanks;Tim Allen;Don Rickles,8.3,727214
To Kill a Mockingbird,129,Crime;Drama,Robert Mulligan,Harper Lee;Horton Foote,Gregory Peck;John Megna;Frank Overton,8.3,252418
Full Metal Jacket,116,Drama;War,Stanley Kubrick,Stanley Kubrick;Michael Herr,Matthew Modine;R. Lee Ermey;Vincent D'Onofrio,8.3,563063
Inglourious Basterds,153,Adventure;Drama;War,Quentin Tarantino;Eli Roth,Quentin Tarantino,Brad Pitt;Diane Kruger;Eli Roth,8.3,1033922
Ladri di biciclette,89,Drama,Vittorio De Sica,Cesare Zavattini;Luigi Bartolini,Lamberto Maggiorani;Enzo Staiola;Lianella Carell,8.3,114685
The Sting,129,Comedy;Crime;Drama,George Roy Hill,David S. Ward,Paul Newman;Robert Redford;Robert Shaw,8.3,203509
The Kid,68,Comedy;Drama;Family,Charles Chaplin,Charles Chaplin,Charles Chaplin;Edna Purviance;Jackie Coogan,8.3,86178
Toy Story 3,103,Animation;Adventure;Comedy,Lee Unkrich,John Lasseter;Andrew Stanton,Tom Hanks;Tim Allen;Joan Cusack,8.3,630353
Snatch,104,Comedy;Crime,Guy Ritchie,Guy Ritchie,Jason Statham;Brad Pitt;Benicio Del Toro,8.3,678206
Good Will Hunting,126,Drama,Gus Van Sant,Matt Damon;Ben Affleck,Robin Williams;Matt Damon;Ben Affleck,8.3,708362
Jagten,115,Drama,Thomas Vinterberg,Tobias Lindholm;Thomas Vinterberg,Mads Mikkelsen;Thomas Bo Larsen;Annika Wedderkopp,8.3,216406
Monty Python and the Holy Grail,91,Adventure;Comedy;Fantasy,Terry Gilliam;Terry Jones,Graham Chapman;John Cleese,Graham Chapman;John Cleese;Eric Idle,8.3,430391
Per qualche dollaro in più,132,Western,Sergio Leone,Sergio Leone;Fulvio Morsella,Clint Eastwood;Lee Van Cleef;Gian Maria Volontè,8.3,187550
Scarface,170,Crime;Drama,Brian De Palma,Oliver Stone,Al Pacino;Michelle Pfeiffer;Steven Bauer,8.3,616855
L.A. Confidential,138,Crime;Drama;Mystery,Curtis Hanson,James Ellroy;Brian Helgeland,Kevin Spacey;Russell Crowe;Guy Pearce,8.3,464945
The Apartment,125,Comedy;Drama;Romance,Billy Wilder,Billy Wilder;I.A.L. Diamond,Jack Lemmon;Shirley MacLaine;Fred MacMurray,8.3,130663
Metropolis,153,Drama;Sci-Fi,Fritz Lang,Thea von Harbou;Thea von Harbou,Brigitte Helm;Alfred Abel;Gustav Fröhlich,8.3,132011
Jodaeiye Nader az Simin,123,Drama;Mystery,Asghar Farhadi,Asghar Farhadi,Payman Maadi;Leila Hatami;Sareh Bayat,8.3,180048
Rashômon,88,Crime;Drama;Mystery,Akira Kurosawa,Ryûnosuke Akutagawa;Akira Kurosawa,Toshirô Mifune;Machiko Kyô;Masayuki Mori,8.3,122337
Indiana Jones and the Last Crusade,127,Action;Adventure;Fantasy,Steven Spielberg,Jeffrey Boam;George Lucas,Harrison Ford;Sean Connery;Alison Doody,8.3,590173
Up,96,Animation;Adventure;Comedy,Pete Docter;Bob Peterson,Pete Docter;Bob Peterson,Edward Asner;Jordan Nagai;John Ratzenberger,8.3,777996
Yôjinbô,110,Action;Drama;Thriller,Akira Kurosawa,Akira Kurosawa;Akira Kurosawa,Toshirô Mifune;Eijirô Tôno;Tatsuya Nakadai,8.3,88475
All About Eve,138,Drama,Joseph L. Mankiewicz,Joseph L. Mankiewicz,Bette Davis;Anne Baxter;George Sanders,8.3,98907
Batman Begins,140,Action;Adventure;Thriller,Christopher Nolan,Bob Kane;David S. Goyer,Christian Bale;Michael Caine;Ken Watanabe,8.3,1115510
Some Like It Hot,121,Comedy;Romance,Billy Wilder,Billy Wilder;I.A.L. Diamond,Marilyn Monroe;Tony Curtis;Jack Lemmon,8.3,203638
Unforgiven,130,Drama;Western,Clint Eastwood,David Webb Peoples,Clint Eastwood;Gene Hackman;Morgan Freeman,8.2,317986
The Treasure of the Sierra Madre,126,Adventure;Drama;Western,John Huston,John Huston;B. Traven,Humphrey Bogart;Walter Huston;Tim Holt,8.3,93813
Babam ve Oglum,108,Drama,Çagan Irmak,Çagan Irmak,Çetin Tekindor;Fikret Kuskan;Hümeyra,8.5,57201
Der Untergang,156,Biography;Drama;History,Oliver Hirschbiegel,Bernd Eichinger;Joachim Fest,Bruno Ganz;Alexandra Maria Lara;Ulrich Matthes,8.2,285632
Die Hard,132,Action;Thriller,John McTiernan,Roderick Thorp;Jeb Stuart,Bruce Willis;Alan Rickman;Bonnie Bedelia,8.2,673664
Heat,170,Crime;Drama;Thriller,Michael Mann,Michael Mann,Al Pacino;Robert De Niro;Val Kilmer,8.2,489635
Raging Bull,129,Biography;Drama;Sport,Martin Scorsese,Jake LaMotta;Joseph Carter,Robert De Niro;Cathy Moriarty;Joe Pesci,8.2,268429
Ikiru,143,Drama,Akira Kurosawa,Akira Kurosawa;Shinobu Hashimoto,Takashi Shimura;Nobuo Kaneko;Shin'ichi Himori,8.3,52673
The Great Escape,172,Adventure;Drama;History,John Sturges,Paul Brickhill;James Clavell,Steve McQueen;James Garner;Richard Attenborough,8.2,191282
"Three Billboards Outside Ebbing, Missouri",115,Crime;Drama,Martin McDonagh,Martin McDonagh,Frances McDormand;Woody Harrelson;Sam Rockwell,8.2,213720
The Third Man,104,Film-Noir;Mystery;Thriller,Carol Reed,Graham Greene;Graham Greene,Orson Welles;Joseph Cotten;Alida Valli,8.2,133122
Bacheha-Ye aseman,89,Drama;Family,Majid Majidi,Majid Majidi,Mohammad Amir Naji;Amir Farrokh Hashemian;Bahare Seddiqi,8.3,43813
Chinatown,130,Drama;Mystery;Thriller,Roman Polanski,Robert Towne,Jack Nicholson;Faye Dunaway;John Huston,8.2,248431
Pan's Labyrinth,118,Drama;Fantasy;War,Guillermo del Toro,Guillermo del Toro,Ivana Baquero;Ariadna Gil;Sergi López,8.2,536609
Incendies,131,Drama;Mystery;War,Denis Villeneuve,Denis Villeneuve;Wajdi Mouawad,Lubna Azabal;Mélissa Désormeaux-Poulin;Maxim Gaudette,8.2,108773
Tonari no Totoro,86,Animation;Family;Fantasy,Hayao Miyazaki,Hayao Miyazaki,Hitoshi Takagi;Noriko Hidaka;Chika Sakamoto,8.2,214294
Ran,162,Action;Drama,Akira Kurosawa,Akira Kurosawa;Hideo Oguni,Tatsuya Nakadai;Akira Terao;Jinpachi Nezu,8.2,91641
Oordeel te Neurenberg,186,Drama;War,Stanley Kramer,Abby Mann;Abby Mann,Spencer Tracy;Burt Lancaster;Richard Widmark,8.3,56017
El secreto de sus ojos,129,Drama;Mystery;Romance,Juan José Campanella,Eduardo Sacheri;Juan José Campanella,Ricardo Darín;Soledad Villamil;Pablo Rago,8.2,159295
The Gold Rush,95,Adventure;Comedy;Drama,Charles Chaplin,Charles Chaplin,Charles Chaplin;Mack Swain;Tom Murray,8.2,81975
Hauru no ugoku shiro,119,Animation;Adventure;Family,Hayao Miyazaki,Hayao Miyazaki;Diana Wynne Jones,Chieko Baishô;Takuya Kimura;Tatsuya Gashûin,8.2,257421
The Bridge on the River Kwai,161,Adventure;Drama;War,David Lean,Pierre Boulle;Carl Foreman,William Holden;Alec Guinness;Jack Hawkins,8.2,173435
On the Waterfront,108,Crime;Drama;Thriller,Elia Kazan,Budd Schulberg;Budd Schulberg,Marlon Brando;Karl Malden;Lee J. Cobb,8.2,119018
Inside Out,95,Animation;Adventure;Comedy,Pete Docter;Ronnie Del Carmen,Pete Docter;Ronnie Del Carmen,Amy Poehler;Bill Hader;Lewis Black,8.2,475176
"Lock, Stock and Two Smoking Barrels",107,Comedy;Crime,Guy Ritchie,Guy Ritchie,Jason Flemyng;Dexter Fletcher;Nick Moran,8.2,466869
Det sjunde inseglet,96,Drama;Fantasy,Ingmar Bergman,Ingmar Bergman;Ingmar Bergman,Max von Sydow;Gunnar Björnstrand;Bengt Ekerot,8.2,131581
A Beautiful Mind,135,Biography;Drama,Ron Howard,Akiva Goldsman;Sylvia Nasar,Russell Crowe;Ed Harris;Jennifer Connelly,8.2,713969
Casino,178,Crime;Drama,Martin Scorsese,Nicholas Pileggi;Nicholas Pileggi,Robert De Niro;Sharon Stone;Joe Pesci,8.2,384812
Room,118,Drama,Lenny Abrahamson,Emma Donoghue;Emma Donoghue,Brie Larson;Jacob Tremblay;Sean Bridgers,8.2,270421
Mr. Smith Goes to Washington,129,Comedy;Drama,Frank Capra,Sidney Buchman;Lewis R. Foster,James Stewart;Jean Arthur;Claude Rains,8.2,90718
The Elephant Man,124,Biography;Drama,David Lynch,Christopher De Vore;Eric Bergren,Anthony Hopkins;John Hurt;Anne Bancroft,8.2,187382
The Wolf of Wall Street,180,Biography;Comedy;Crime,Martin Scorsese,Terence Winter;Jordan Belfort,Leonardo DiCaprio;Jonah Hill;Margot Robbie,8.2,942581
V for Vendetta,132,Action;Drama;Sci-Fi,James McTeigue,Lilly Wachowski;Lana Wachowski,Hugo Weaving;Natalie Portman;Rupert Graves,8.2,898601
Blade Runner,117,Sci-Fi;Thriller,Ridley Scott,Hampton Fancher;David Webb Peoples,Harrison Ford;Rutger Hauer;Sean Young,8.2,579176
Smultronstället,91,Drama;Romance,Ingmar Bergman,Ingmar Bergman,Victor Sjöström;Bibi Andersson;Ingrid Thulin,8.2,76096
Sherlock Jr.,45,Action;Comedy;Romance,Buster Keaton,Jean C. Havez;Joseph A. Mitchell,Buster Keaton;Kathryn McGuire;Joe Keaton,8.3,25892
The General,67,Action;Adventure;Comedy,Clyde Bruckman;Buster Keaton,Buster Keaton;Clyde Bruckman,Buster Keaton;Marion Mack;Glen Cavender,8.2,65158
Warrior,140,Drama;Sport,Gavin O'Connor,Gavin O'Connor;Anthony Tambakis,Tom Hardy;Nick Nolte;Joel Edgerton,8.2,380097
Dial M for Murder,105,Crime;Film-Noir;Thriller,Alfred Hitchcock,Frederick Knott;Frederick Knott,Ray Milland;Grace Kelly;Robert Cummings,8.2,128689
Trainspotting,94,Drama,Danny Boyle,Irvine Welsh;John Hodge,Ewan McGregor;Ewen Bremner;Jonny Lee Miller,8.2,553516
Gone with the Wind,238,Drama;History;Romance,Victor Fleming;George Cukor,Margaret Mitchell;Sidney Howard,Clark Gable;Vivien Leigh;Thomas Mitchell,8.2,246998
Gran Torino,116,Drama,Clint Eastwood,Nick Schenk;Dave Johannson,Clint Eastwood;Bee Vang;Christopher Carley,8.1,632638
No Country for Old Men,122,Crime;Drama;Thriller,Ethan Coen;Joel Coen,Joel Coen;Ethan Coen,Tommy Lee Jones;Javier Bardem;Josh Brolin,8.1,710026
The Sixth Sense,107,Drama;Mystery;Thriller,M. Night Shyamalan,M. Night Shyamalan,Bruce Willis;Haley Joel Osment;Toni Collette,8.1,794196
Fargo,98,Crime;Drama;Thriller,Joel Coen;Ethan Coen,Ethan Coen;Joel Coen,William H. Macy;Frances McDormand;Steve Buscemi,8.1,524128
The Deer Hunter,183,Drama;War,Michael Cimino,Michael Cimino;Deric Washburn,Robert De Niro;Christopher Walken;John Cazale,8.2,266557
There Will Be Blood,158,Drama,Paul Thomas Anderson,Paul Thomas Anderson;Upton Sinclair,Daniel Day-Lewis;Paul Dano;Ciarán Hinds,8.1,432391
The Thing,109,Horror;Mystery;Sci-Fi,John Carpenter,Bill Lancaster;John W. Campbell Jr.,Kurt Russell;Wilford Brimley;Keith David,8.1,304495
Finding Nemo,100,Animation;Adventure;Comedy,Andrew Stanton;Lee Unkrich,Andrew Stanton;Andrew Stanton,Albert Brooks;Ellen DeGeneres;Alexander Gould,8.1,804797
The Big Lebowski,117,Comedy;Crime,Joel Coen;Ethan Coen,Ethan Coen;Joel Coen,Jeff Bridges;John Goodman;Julianne Moore,8.1,617266
Idi i smotri,142,Drama;War,Elem Klimov,Ales Adamovich;Ales Adamovich,Aleksey Kravchenko;Olga Mironova;Liubomiras Laucevicius,8.2,37311
Sunrise: A Song of Two Humans,94,Drama;Romance,F.W. Murnau,Carl Mayer;Hermann Sudermann,George O'Brien;Janet Gaynor;Margaret Livingston,8.2,38600
Cool Hand Luke,126,Crime;Drama,Stuart Rosenberg,Donn Pearce;Frank Pierson,Paul Newman;George Kennedy;Strother Martin,8.1,137967
Kill Bill: Vol. 1,111,Action;Crime;Thriller,Quentin Tarantino,Quentin Tarantino;Quentin Tarantino,Uma Thurman;David Carradine;Daryl Hannah,8.1,841142
Tôkyô monogatari,136,Drama,Yasujirô Ozu,Kôgo Noda;Yasujirô Ozu,Chishû Ryû;Chieko Higashiyama;Sô Yamamura,8.2,37753
Rebecca,130,Drama;Mystery;Romance,Alfred Hitchcock,Daphne Du Maurier;Robert E. Sherwood,Laurence Olivier;Joan Fontaine;George Sanders,8.2,102856
Eskiya,128,Crime;Drama;Thriller,Yavuz Turgul,Yavuz Turgul,Sener Sen;Ugur Yücel;Sermin Hürmeriç,8.4,49422
Shutter Island,138,Mystery;Thriller,Martin Scorsese,Laeta Kalogridis;Dennis Lehane,Leonardo DiCaprio;Emily Mortimer;Mark Ruffalo,8.1,925553
Hacksaw Ridge,139,Biography;Drama;History,Mel Gibson,Robert Schenkkan;Andrew Knight,Andrew Garfield;Sam Worthington;Luke Bracey,8.2,312551
Hoe tem je een draak,98,Animation;Action;Adventure,Dean DeBlois;Chris Sanders,William Davies;Dean DeBlois,Jay Baruchel;Gerard Butler;Christopher Mintz-Plasse,8.1,562110
Mary and Max,92,Animation;Comedy;Drama,Adam Elliot,Adam Elliot,Toni Collette;Philip Seymour Hoffman;Eric Bana,8.1,140740
Andrei Rublev,205,Biography;Drama;History,Andrei Tarkovsky,Andrey Konchalovskiy;Andrei Tarkovsky,Anatoliy Solonitsyn;Ivan Lapikov;Nikolay Grinko,8.2,33453
Gone Girl,149,Crime;Drama;Mystery,David Fincher,Gillian Flynn;Gillian Flynn,Ben Affleck;Rosamund Pike;Neil Patrick Harris,8.1,696644
Blade Runner 2049,164,Drama;Mystery;Sci-Fi,Denis Villeneuve,Hampton Fancher;Michael Green,Harrison Ford;Ryan Gosling;Ana de Armas,8.1,280085
Into the Wild,148,Adventure;Biography;Drama,Sean Penn,Sean Penn;Jon Krakauer,Emile Hirsch;Vince Vaughn;Catherine Keener,8.1,492735
Life of Brian,94,Comedy,Terry Jones,Graham Chapman;John Cleese,Graham Chapman;John Cleese;Michael Palin,8.1,309379
Relatos salvajes,122,Comedy;Drama;Thriller,Damián Szifron,Germán Servidio;Damián Szifron,Darío Grandinetti;María Marull;Mónica Villa,8.1,131681
Rang De Basanti,157,Comedy;Drama,Rakeysh Omprakash Mehra,Renzil D'Silva;Prasoon Joshi,Aamir Khan;Soha Ali Khan;Siddharth,8.3,91347
Het gebeurde op 'n avond,105,Comedy;Romance,Frank Capra,Robert Riskin;Samuel Hopkins Adams,Clark Gable;Claudette Colbert;Walter Connolly,8.1,78070
La passion de Jeanne d'Arc,110,Biography;Drama;History,Carl Theodor Dreyer,Joseph Delteil;Carl Theodor Dreyer,Maria Falconetti;Eugene Silvain;André Berley,8.2,35309
Platoon,120,Drama;War,Oliver Stone,Oliver Stone,Charlie Sheen;Tom Berenger;Willem Dafoe,8.1,330795
In the Name of the Father,133,Biography;Drama,Jim Sheridan,Gerry Conlon;Terry George,Daniel Day-Lewis;Pete Postlethwaite;Alison Crosbie,8.1,131311
Network,121,Drama,Sidney Lumet,Paddy Chayefsky,Faye Dunaway;William Holden;Peter Finch,8.1,121759
Hotel Rwanda,121,Biography;Drama;History,Terry George,Keir Pearson;Terry George,Don Cheadle;Sophie Okonedo;Joaquin Phoenix,8.1,297820
Stand by Me,89,Adventure;Drama,Rob Reiner,Stephen King;Raynold Gideon,Wil Wheaton;River Phoenix;Corey Feldman,8.1,313151
The Grand Budapest Hotel,99,Adventure;Comedy;Drama,Wes Anderson,Stefan Zweig;Wes Anderson,Ralph Fiennes;F. Murray Abraham;Mathieu Amalric,8.1,581853
Stalker,162,Drama;Sci-Fi,Andrei Tarkovsky,Arkadiy Strugatskiy;Boris Strugatskiy,Alisa Freyndlikh;Aleksandr Kaydanovskiy;Anatoliy Solonitsyn,8.1,86935
Le salaire de la peur,131,Adventure;Drama;Thriller,Henri-Georges Clouzot,Georges Arnaud;Henri-Georges Clouzot,Yves Montand;Charles Vanel;Peter van Eyck,8.2,44145
Ben Hur,212,Adventure;Drama;History,William Wyler,Lew Wallace;Karl Tunberg,Charlton Heston;Jack Hawkins;Stephen Boyd,8.1,188110
Jurassic Park,127,Adventure;Sci-Fi;Thriller,Steven Spielberg,Michael Crichton;Michael Crichton,Sam Neill;Laura Dern;Jeff Goldblum,8.1,717316
Rush,123,Action;Biography;Drama,Ron Howard,Peter Morgan,Daniel Brühl;Chris Hemsworth;Olivia Wilde,8.1,366996
Persona,85,Drama;Thriller,Ingmar Bergman,Ingmar Bergman,Bibi Andersson;Liv Ullmann;Margaretha Krook,8.1,77467
12 Years a Slave,134,Biography;Drama;History,Steve McQueen,John Ridley;Solomon Northup,Chiwetel Ejiofor;Michael Kenneth Williams;Michael Fassbender,8.1,532190
Salinui chueok,131,Action;Crime;Drama,Joon-ho Bong,Joon-ho Bong;Kwang-rim Kim,Kang-ho Song;Sang-kyung Kim;Roe-ha Kim,8.1,88415
The Truman Show,103,Comedy;Drama;Sci-Fi,Peter Weir,Andrew Niccol,Jim Carrey;Ed Harris;Laura Linney,8.1,774532
Million Dollar Baby,132,Drama;Sport,Clint Eastwood,Paul Haggis;F.X. Toole,Hilary Swank;Clint Eastwood;Morgan Freeman,8.1,551120
Les quatre cents coups,99,Crime;Drama,François Truffaut,François Truffaut;Marcel Moussy,Jean-Pierre Léaud;Albert Rémy;Claire Maurier,8.1,84600
Mad Max: Fury Road,120,Action;Adventure;Sci-Fi,George Miller,George Miller;Brendan McCarthy,Tom Hardy;Charlize Theron;Nicholas Hoult,8.1,705090
Spotlight,128,Crime;Drama;History,Tom McCarthy,Josh Singer;Tom McCarthy,Mark Ruffalo;Michael Keaton;Rachel McAdams,8.1,319154
Logan,137,Action;Drama;Sci-Fi,James Mangold,James Mangold;Scott Frank,Hugh Jackman;Patrick Stewart;Dafne Keen,8.1,469853
Amores perros,154,Drama;Thriller,Alejandro G. Iñárritu,Guillermo Arriaga,Emilio Echevarría;Gael García Bernal;Goya Toledo,8.1,196214
Before Sunrise,101,Drama;Romance,Richard Linklater,Richard Linklater;Kim Krizan,Ethan Hawke;Julie Delpy;Andrea Eckert,8.1,219121
Hachi: A Dog's Tale,93,Drama;Family,Lasse Hallström,Stephen P. Lindsey;Kaneto Shindô,Richard Gere;Joan Allen;Cary-Hiroyuki Tagawa,8.1,201525
Butch Cassidy and the Sundance Kid,110,Biography;Crime;Drama,George Roy Hill,William Goldman,Paul Newman;Robert Redford;Katharine Ross,8.1,174945
Kaze no tani no Naushika,117,Animation;Adventure;Fantasy,Hayao Miyazaki,Hayao Miyazaki;Hayao Miyazaki,Sumi Shimamoto;Mahito Tsujimura;Hisako Kyôda,8.1,117130
Prisoners,153,Crime;Drama;Mystery,Denis Villeneuve,Aaron Guzikowski,Hugh Jackman;Jake Gyllenhaal;Viola Davis,8.1,479542
The Princess Bride,98,Adventure;Family;Fantasy,Rob Reiner,William Goldman;William Goldman,Cary Elwes;Mandy Patinkin;Robin Wright,8.1,334914
La La Land,128,Comedy;Drama;Music,Damien Chazelle,Damien Chazelle,Ryan Gosling;Emma Stone;Rosemarie DeWitt,8.1,365698
A Wednesday,104,Crime;Drama;Mystery,Neeraj Pandey,Neeraj Pandey;Neeraj Pandey,Anupam Kher;Naseeruddin Shah;Jimmy Shergill,8.2,61290
Catch Me If You Can,141,Biography;Crime;Drama,Steven Spielberg,Jeff Nathanson;Frank Abagnale Jr.,Leonardo DiCaprio;Tom Hanks;Christopher Walken,8.1,649187
The Maltese Falcon,100,Film-Noir;Mystery,John Huston,John Huston;Dashiell Hammett,Humphrey Bogart;Mary Astor;Gladys George,8.1,131250
Harry Potter and the Deathly Hallows: Part 2,130,Adventure;Drama;Fantasy,David Yates,Steve Kloves;J.K. Rowling,Daniel Radcliffe;Emma Watson;Rupert Grint,8.1,638377
Rocky,120,Drama;Sport,John G. Avildsen,Sylvester Stallone,Sylvester Stallone;Talia Shire;Burt Young,8.1,438279
Le notti di Cabiria,110,Drama,Federico Fellini,Federico Fellini;Ennio Flaiano,Giulietta Masina;François Périer;Franca Marzi,8.1,34711
The Grapes of Wrath,129,Drama;History,John Ford,Nunnally Johnson;John Steinbeck,Henry Fonda;Jane Darwell;John Carradine,8.1,75070
"Monsters, Inc.",92,Animation;Adventure;Comedy,Pete Docter;David Silverman,Pete Docter;Jill Culton,Billy Crystal;John Goodman;Mary Gibbs,8.1,681597
Demonen,117,Crime;Drama;Horror,Henri-Georges Clouzot,Pierre Boileau;Thomas Narcejac,Simone Signoret;Véra Clouzot;Paul Meurisse,8.1,51766
Donnie Darko,113,Drama;Sci-Fi;Thriller,Richard Kelly,Richard Kelly,Jake Gyllenhaal;Jena Malone;Mary McDonnell,8.1,659727
Barry Lyndon,185,Adventure;Drama;History,Stanley Kubrick,Stanley Kubrick;William Makepeace Thackeray,Ryan O'Neal;Marisa Berenson;Patrick Magee,8.1,120769
Paper Moon,102,Comedy;Crime;Drama,Peter Bogdanovich,Joe David Brown;Alvin Sargent,Ryan O'Neal;Tatum O'Neal;Madeline Kahn,8.1,32569
Gandhi,191,Biography;Drama;History,Richard Attenborough,John Briley,Ben Kingsley;John Gielgud;Candice Bergen,8.1,196345
Touch of Evil,95,Crime;Drama;Film-Noir,Orson Welles,Orson Welles;Whit Masterson,Charlton Heston;Orson Welles;Janet Leigh,8.1,85064
The Terminator,107,Action;Sci-Fi,James Cameron,James Cameron;Gale Anne Hurd,Arnold Schwarzenegger;Linda Hamilton;Michael Biehn,8.0,682615
La haine,98,Crime;Drama,Mathieu Kassovitz,Mathieu Kassovitz,Vincent Cassel;Hubert Koundé;Saïd Taghmaoui,8.1,122865
Groundhog Day,101,Comedy;Fantasy;Romance,Harold Ramis,Danny Rubin;Harold Ramis,Bill Murray;Andie MacDowell;Chris Elliott,8.0,506537
The Wizard of Oz,102,Adventure;Family;Fantasy,Victor Fleming;George Cukor,Noel Langley;Florence Ryerson,Judy Garland;Frank Morgan;Ray Bolger,8.0,330642
The Bourne Ultimatum,115,Action;Mystery;Thriller,Paul Greengrass,Tony Gilroy;Scott Z. Burns,Matt Damon;Edgar Ramírez;Joan Allen,8.0,555758
Annie Hall,93,Comedy;Romance,Woody Allen,Woody Allen;Marshall Brickman,Woody Allen;Diane Keaton;Tony Roberts,8.0,225011
Dead Poets Society,128,Comedy;Drama,Peter Weir,Tom Schulman,Robin Williams;Robert Sean Leonard;Ethan Hawke,8.1,328086
8½,138,Drama,Federico Fellini,Federico Fellini;Ennio Flaiano,Marcello Mastroianni;Anouk Aimée;Claudia Cardinale,8.1,92882
Jaws,124,Adventure;Drama;Thriller,Steven Spielberg,Peter Benchley;Carl Gottlieb,Roy Scheider;Robert Shaw;Richard Dreyfuss,8.0,475594
Faa yeung nin wa,98,Drama;Romance,Kar-Wai Wong,Kar-Wai Wong,Tony Chiu-Wai Leung;Maggie Cheung;Ping Lam Siu,8.1,94897
The Help,146,Drama,Tate Taylor,Tate Taylor;Kathryn Stockett,Emma Stone;Viola Davis;Octavia Spencer,8.1,367487
De beste jaren van ons leven,170,Drama;Romance;War,William Wyler,Robert E. Sherwood;MacKinlay Kantor,Myrna Loy;Dana Andrews;Fredric March,8.1,49110
"Paris, Texas",145,Drama,Wim Wenders,L.M. Kit Carson;Sam Shepard,Harry Dean Stanton;Nastassja Kinski;Dean Stockwell,8.1,65209
Mou gaan dou,101,Crime;Drama;Mystery,Wai-Keung Lau;Alan Mak,Alan Mak;Felix Chong,Andy Lau;Tony Chiu-Wai Leung;Anthony Chau-Sang Wong,8.1,106461
Twelve Monkeys,129,Mystery;Sci-Fi;Thriller,Terry Gilliam,Chris Marker;David Webb Peoples,Bruce Willis;Madeleine Stowe;Brad Pitt,8.0,518140
Trois couleurs: Rouge,99,Drama;Mystery;Romance,Krzysztof Kieslowski,Krzysztof Kieslowski;Krzysztof Piesiewicz,Irène Jacob;Jean-Louis Trintignant;Frédérique Feder,8.1,73274
Belle en het Beest,84,Animation;Family;Fantasy,Gary Trousdale;Kirk Wise,Linda Woolverton;Brenda Chapman,Paige O'Hara;Robby Benson;Jesse Corti,8.0,363767
Before Sunset,80,Drama;Romance,Richard Linklater,Richard Linklater;Julie Delpy,Ethan Hawke;Julie Delpy;Vernon Dobtcheff,8.1,191243
Gangs of Wasseypur,321,Action;Crime;Drama,Anurag Kashyap,Akhilesh Jaiswal;Anurag Kashyap,Manoj Bajpayee;Richa Chadha;Nawazuddin Siddiqui,8.2,60610
Dog Day Afternoon,125,Biography;Crime;Drama,Sidney Lumet,Frank Pierson;P.F. Kluge,Al Pacino;John Cazale;Penelope Allen,8.0,207354
Akira,124,Animation;Action;Drama,Katsuhiro Ôtomo,Katsuhiro Ôtomo;Izô Hashimoto,Mitsuo Iwata;Nozomu Sasaki;Mami Koyama,8.1,125107
PK,153,Comedy;Drama;Fantasy,Rajkumar Hirani,Rajkumar Hirani;Abhijat Joshi,Aamir Khan;Anushka Sharma;Sanjay Dutt,8.2,120184
